Employee_ID,Attrition_rate
EID_22713,0.192122131
EID_9658,0.200587944
EID_22203,0.189526743
EID_7652,0.190813881
EID_6516,0.178846124
EID_20283,0.189146968
EID_21014,0.186888005
EID_7693,0.185452174
EID_13232,0.180583318
EID_6515,0.186052111
EID_13639,0.18077574
EID_14669,0.186959731
EID_16537,0.191122158
EID_5782,0.202726522
EID_20157,0.185796805
EID_1855,0.17791067
EID_20748,0.20333545
EID_23179,0.192257764
EID_12838,0.199057139
EID_21656,0.189018821
EID_8844,0.185595302
EID_1536,0.192677501
EID_8822,0.183852108
EID_11398,0.185127922
EID_12965,0.199756617
EID_5204,0.197363487
EID_10030,0.196880273
EID_13227,0.191095592
EID_20607,0.182358058
EID_14070,0.190517396
EID_3755,0.193408549
EID_5459,0.189246973
EID_7697,0.179435803
EID_3935,0.203842393
EID_19046,0.190997032
EID_4040,0.195990541
EID_17730,0.177481781
EID_4995,0.190483497
EID_24653,0.193036933
EID_6978,0.193155465
EID_13775,0.185677838
EID_14608,0.192201039
EID_3148,0.180013617
EID_24868,0.186107536
EID_5521,0.191397116
EID_21155,0.186800147
EID_3840,0.191519244
EID_10646,0.194114631
EID_6711,0.198433097
EID_16247,0.186774685
EID_16789,0.187181635
EID_17967,0.182626395
EID_13270,0.195605887
EID_18462,0.19094706
EID_22248,0.186532997
EID_22693,0.181003465
EID_25662,0.194918554
EID_23346,0.190912442
EID_4437,0.191452542
EID_18108,0.183327399
EID_7000,0.184671706
EID_22770,0.184863534
EID_7816,0.191424262
EID_19615,0.186107536
EID_23807,0.176234913
EID_16764,0.19094706
EID_16818,0.192545076
EID_22712,0.186677266
EID_18198,0.182252632
EID_11154,0.199377099
EID_22137,0.193777529
EID_11655,0.183956668
EID_18514,0.203963771
EID_24742,0.19469289
EID_16019,0.189950904
EID_7357,0.187507594
EID_20106,0.194543575
EID_13284,0.182794054
EID_5451,0.184727159
EID_19728,0.190483497
EID_9178,0.185602055
EID_13177,0.182420533
EID_14300,0.20364014
EID_4379,0.18178907
EID_11285,0.187738304
EID_14882,0.198470233
EID_9969,0.180578197
EID_23643,0.190510643
EID_5935,0.196857251
EID_7741,0.187811882
EID_6176,0.193887232
EID_5418,0.195676859
EID_20626,0.189045923
EID_1725,0.188799156
EID_14317,0.200170291
EID_12120,0.186100783
EID_20264,0.182595543
EID_16691,0.182808114
EID_1093,0.183530688
EID_2565,0.196743463
EID_11463,0.184946071
EID_12005,0.190363825
EID_10326,0.191004526
EID_12582,0.188871269
EID_18228,0.195700964
EID_11670,0.19892029
EID_24257,0.184672447
EID_7024,0.187915702
EID_10382,0.18312634
EID_20210,0.181498088
EID_10294,0.176728105
EID_19941,0.183747517
EID_25572,0.182468093
EID_7758,0.187464459
EID_22718,0.19138779
EID_1078,0.186233962
EID_8227,0.192425431
EID_1702,0.200471815
EID_3532,0.196189122
EID_22452,0.186274769
EID_3019,0.196602699
EID_22264,0.19457144
EID_9866,0.189476611
EID_3520,0.184940072
EID_21098,0.201551451
EID_1186,0.185228536
EID_12355,0.188844012
EID_11020,0.184846804
EID_19193,0.179868874
EID_17787,0.180071528
EID_13719,0.194252656
EID_24449,0.193839673
EID_12957,0.187464459
EID_24794,0.182503514
EID_2866,0.185833878
EID_10563,0.184863534
EID_22492,0.196765444
EID_4106,0.182169586
EID_6648,0.190407714
EID_7209,0.189792319
EID_9692,0.184544328
EID_22763,0.196358767
EID_12622,0.182870589
EID_9831,0.19192592
EID_5731,0.184114592
EID_1114,0.183101744
EID_25017,0.195120811
EID_22956,0.199459636
EID_5549,0.192157904
EID_12022,0.19495871
EID_8034,0.187612039
EID_20644,0.190040194
EID_20125,0.181146592
EID_21957,0.188696925
EID_8870,0.184863534
EID_2305,0.198295135
EID_3977,0.188232028
EID_14845,0.189696276
EID_6629,0.193001885
EID_14577,0.190083574
EID_24509,0.185367903
EID_1530,0.19376756
EID_21524,0.194213191
EID_6647,0.179675784
EID_19730,0.187975581
EID_4424,0.19979002
EID_7964,0.187590884
EID_6289,0.185268579
EID_2899,0.182870589
EID_2827,0.199513949
EID_8801,0.183758087
EID_20454,0.187921268
EID_18988,0.186100783
EID_8405,0.187866584
EID_14497,0.184727159
EID_11769,0.197433705
EID_21353,0.187570318
EID_2221,0.188653036
EID_13218,0.18575367
EID_4576,0.191847173
EID_17470,0.184501193
EID_14817,0.191627826
EID_21845,0.189408286
EID_21987,0.188047694
EID_1168,0.191463112
EID_14315,0.190503868
EID_5043,0.189806711
EID_1967,0.194537576
EID_22274,0.173627235
EID_11091,0.189118671
EID_18421,0.188951477
EID_8316,0.182548081
EID_13308,0.194289729
EID_19481,0.193107905
EID_17732,0.195990541
EID_4504,0.190868194
EID_2539,0.196612613
EID_19529,0.182833898
EID_2279,0.188914376
EID_14508,0.187794871
EID_12241,0.194664002
EID_11530,0.188544094
EID_20147,0.187681551
EID_6154,0.19304502
EID_3523,0.181032706
EID_20453,0.197071392
EID_11929,0.186705173
EID_12840,0.202065726
EID_22320,0.185121833
EID_25383,0.185514649
EID_10731,0.186491597
EID_1017,0.176855962
EID_1819,0.179875317
EID_22849,0.196483732
EID_12290,0.196239094
EID_24238,0.187387921
EID_3105,0.189807764
EID_14242,0.190608463
EID_16569,0.186684019
EID_8094,0.188169821
EID_7824,0.188047694
EID_8978,0.188740738
EID_25314,0.185150811
EID_17810,0.18416448
EID_14856,0.184287052
EID_22144,0.1857704
EID_23603,0.197787138
EID_7211,0.19457144
EID_19340,0.187260472
EID_1501,0.192109232
EID_22111,0.178095017
EID_16147,0.19696943
EID_16746,0.191307826
EID_20777,0.197019563
EID_12999,0.177543904
EID_21663,0.181471683
EID_11862,0.186932572
EID_17683,0.185733264
EID_19819,0.191061756
EID_21562,0.201170425
EID_24390,0.194445014
EID_14444,0.200818929
EID_3261,0.180197925
EID_7752,0.182729094
EID_3033,0.179733029
EID_22433,0.186486144
EID_23727,0.185423273
EID_24107,0.180035146
EID_22537,0.186233962
EID_13645,0.194008499
EID_16021,0.18316431
EID_19800,0.191939699
EID_1944,0.192025235
EID_15868,0.189082686
EID_22188,0.185165638
EID_13833,0.182951242
EID_15028,0.18635009
EID_24861,0.182833898
EID_13033,0.190813881
EID_23673,0.189597025
EID_13265,0.182294107
EID_23411,0.192101019
EID_3761,0.183107037
EID_7299,0.196483732
EID_2379,0.183702794
EID_18863,0.18552433
EID_12115,0.188901589
EID_23879,0.193283596
EID_16586,0.184946825
EID_19003,0.187894863
EID_11107,0.1863105
EID_15416,0.186227209
EID_19214,0.178065375
EID_5135,0.181013723
EID_22464,0.186777258
EID_22759,0.190363825
EID_17833,0.193512994
EID_17627,0.189146968
EID_25730,0.18534442
EID_2377,0.188779461
EID_18085,0.202131604
EID_14096,0.192356325
EID_8384,0.19359112
EID_17105,0.189533496
EID_9929,0.194233597
EID_13267,0.18985159
EID_12954,0.191178129
EID_4464,0.192908633
EID_11464,0.187839438
EID_19308,0.179719588
EID_17530,0.179621471
EID_6981,0.187740877
EID_19951,0.188625199
EID_1100,0.192875488
EID_25145,0.205158508
EID_15614,0.189037285
EID_2961,0.19372
EID_1742,0.179733029
EID_2843,0.180654361
EID_9549,0.176758585
EID_12832,0.187465165
EID_17914,0.186832551
EID_22832,0.193710674
EID_5755,0.177627193
EID_1141,0.191719634
EID_18954,0.194537576
EID_10824,0.182139105
EID_24478,0.180985147
EID_14916,0.187464459
EID_4434,0.183428457
EID_23650,0.197799891
EID_16556,0.182209794
EID_24656,0.18906369
EID_25965,0.186063676
EID_9279,0.200769041
EID_13802,0.181039459
EID_2748,0.18598857
EID_17346,0.179282972
EID_1171,0.1809919
EID_1552,0.188339354
EID_20674,0.185777153
EID_2475,0.188696912
EID_16714,0.182870589
EID_7857,0.186677266
EID_3294,0.187007649
EID_2280,0.193713247
EID_10203,0.183086721
EID_22162,0.190384218
EID_10438,0.188663767
EID_12898,0.189576632
EID_4358,0.179029126
EID_6179,0.181387241
EID_2538,0.18009803
EID_13110,0.191313826
EID_24585,0.188146094
EID_1006,0.199377099
EID_11632,0.194289729
EID_21011,0.1857704
EID_16869,0.183973802
EID_20564,0.181056858
EID_12996,0.188626631
EID_1503,0.190640243
EID_23053,0.181489516
EID_22049,0.191764636
EID_4346,0.190447115
EID_1887,0.188915836
EID_16849,0.19132201
EID_10071,0.193256438
EID_11265,0.183692091
EID_12611,0.192909324
EID_25542,0.181189133
EID_11582,0.203613735
EID_19550,0.187894109
EID_5351,0.189175869
EID_3305,0.193921503
EID_18846,0.186100783
EID_24764,0.181496269
EID_2191,0.187839438
EID_6314,0.182239126
EID_23248,0.190765341
EID_4570,0.190731344
EID_16415,0.184951249
EID_11002,0.194435088
EID_20498,0.19070099
EID_7846,0.183988194
EID_24121,0.182296012
EID_7536,0.186657453
EID_2015,0.19855277
EID_7934,0.192128884
EID_20903,0.186478755
EID_17535,0.192600963
EID_19760,0.18938421
EID_9550,0.189576632
EID_4261,0.202065726
EID_19753,0.196533865
EID_13542,0.201507562
EID_24283,0.181963724
EID_7552,0.189540249
EID_11577,0.189583385
EID_3228,0.196337655
EID_17468,0.186072504
EID_15815,0.196056565
EID_2093,0.190363825
EID_21356,0.189787371
EID_12357,0.187134075
EID_18495,0.192214692
EID_5098,0.189555519
EID_12691,0.194745832
EID_13240,0.196488157
EID_19312,0.196535052
EID_23914,0.179951855
EID_23175,0.186677266
EID_15413,0.198293836
EID_4785,0.195817961
EID_25933,0.183164619
EID_22705,0.181422304
EID_19350,0.184334569
EID_5369,0.196484486
EID_20410,0.19383292
EID_12557,0.185733264
EID_17678,0.18052025
EID_1342,0.187057847
EID_12230,0.19104692
EID_1311,0.190667832
EID_5860,0.19673304
EID_4259,0.189203113
EID_10209,0.192312464
EID_2300,0.194578193
EID_17408,0.191897032
EID_1883,0.19163821
EID_1053,0.184516407
EID_23610,0.189781372
EID_17585,0.178714606
EID_20845,0.185643974
EID_15683,0.19383292
EID_11976,0.187675904
EID_12031,0.191188154
EID_1711,0.189651709
EID_6239,0.197052721
EID_25541,0.176678216
EID_9308,0.191671453
EID_18168,0.199466389
EID_11934,0.191307826
EID_23472,0.210645802
EID_13731,0.177321598
EID_16069,0.192019188
EID_18276,0.185727265
EID_6141,0.191023597
EID_12061,0.189750589
EID_9450,0.196455867
EID_21730,0.187545176
EID_19506,0.193922209
EID_13552,0.184664953
EID_9945,0.19331075
EID_1924,0.194578193
EID_18453,0.182145858
EID_20225,0.200537811
EID_18673,0.206468534
EID_11420,0.195050517
EID_16631,0.188794731
EID_21237,0.193464694
EID_5015,0.189622786
EID_20179,0.182510267
EID_12073,0.198426344
EID_21147,0.184107839
EID_6714,0.191601102
EID_10645,0.183152745
EID_18298,0.199502065
EID_2640,0.17782854
EID_2318,0.187389381
EID_25226,0.187619772
EID_24099,0.189450206
EID_20938,0.190884853
EID_8377,0.201296822
EID_7023,0.187481782
EID_11385,0.186557593
EID_15016,0.191656847
EID_25794,0.203447719
EID_11494,0.186803663
EID_2425,0.185277208
EID_9847,0.189175248
EID_3570,0.18993488
EID_13573,0.18171953
EID_13780,0.182337242
EID_2949,0.185177216
EID_19834,0.18546963
EID_11384,0.197436942
EID_23154,0.195570868
EID_9337,0.192813134
EID_3653,0.182440727
EID_4850,0.185164585
EID_16283,0.187914515
EID_5107,0.190463684
EID_25156,0.195533732
EID_17223,0.190803776
EID_14695,0.187326496
EID_11374,0.189853021
EID_13672,0.184573306
EID_6782,0.201826409
EID_25074,0.184628599
EID_21087,0.186932572
EID_13017,0.199932469
EID_9947,0.202275005
EID_21221,0.189456959
EID_21639,0.187365898
EID_20333,0.186888005
EID_2970,0.201164153
EID_7624,0.196020924
EID_15741,0.18433531
EID_1312,0.190582058
EID_19575,0.191095592
EID_21047,0.188096975
EID_11969,0.183413617
EID_19145,0.182695936
EID_9871,0.188378077
EID_18852,0.186881252
EID_22326,0.194070196
EID_7259,0.189120576
EID_21920,0.188113689
EID_1436,0.186100783
EID_8261,0.184406725
EID_23228,0.189913768
EID_5560,0.186851223
EID_22357,0.186902091
EID_4816,0.194351908
EID_10000,0.190361342
EID_21908,0.187382628
EID_14887,0.185193918
EID_12497,0.187590884
EID_17976,0.187181635
EID_17356,0.188113689
EID_9785,0.191181401
EID_16224,0.180309511
EID_6020,0.194080767
EID_20716,0.185129221
EID_11351,0.187964403
EID_20899,0.195851825
EID_9718,0.179044989
EID_9479,0.186834011
EID_25048,0.186419631
EID_23370,0.189126575
EID_13877,0.190644104
EID_12256,0.197236655
EID_1903,0.191902598
EID_8830,0.191277443
EID_22060,0.201507562
EID_11996,0.191777388
EID_21061,0.192249712
EID_22604,0.188357672
EID_18463,0.184573306
EID_11375,0.199466389
EID_2685,0.192670748
EID_16010,0.194134415
EID_19288,0.196358767
EID_9283,0.18795796
EID_11122,0.185981139
EID_6638,0.185803558
EID_25516,0.19318187
EID_3864,0.192552535
EID_9746,0.178641829
EID_8407,0.192128884
EID_25463,0.196912996
EID_23098,0.185241435
EID_22512,0.187684745
EID_14671,0.182146168
EID_18482,0.185092874
EID_8151,0.186557593
EID_16624,0.193707248
EID_1983,0.190638783
EID_18445,0.19692089
EID_11891,0.20409695
EID_2010,0.187590884
EID_4592,0.196162556
EID_17412,0.187262955
EID_24883,0.187259621
EID_15661,0.186227209
EID_11757,0.193507829
EID_2627,0.184841238
EID_13243,0.193614847
EID_10917,0.188690172
EID_4360,0.188396107
EID_13536,0.184911094
EID_10695,0.183531385
EID_5746,0.186450447
EID_1178,0.197178525
EID_15290,0.196358061
EID_3540,0.190517396
EID_14684,0.18655084
EID_7914,0.187471212
EID_23733,0.190363825
EID_5907,0.187914515
EID_5142,0.191609931
EID_7686,0.190565328
EID_12078,0.185233348
EID_4880,0.203694812
EID_1527,0.185796805
EID_15919,0.198727869
EID_1260,0.185531083
EID_22377,0.195682425
EID_7876,0.18945096
EID_1213,0.182695936
EID_4161,0.194994385
EID_3214,0.188752303
EID_17651,0.190390971
EID_8005,0.17756574
EID_12852,0.203140196
EID_21465,0.193054256
EID_7371,0.194289729
EID_25687,0.184846804
EID_17222,0.178972241
EID_1994,0.189470612
EID_22384,0.189560608
EID_6344,0.186056535
EID_18801,0.196774714
EID_13688,0.192475998
EID_13779,0.197799891
EID_24969,0.185234125
EID_15311,0.1826528
EID_9095,0.195570868
EID_11675,0.202515782
EID_14870,0.188696925
EID_1575,0.187326496
EID_7440,0.190182134
EID_24259,0.189146968
EID_19501,0.197462754
EID_23743,0.192095726
EID_13287,0.18660216
EID_2226,0.175238313
EID_22439,0.188796163
EID_16078,0.1857704
EID_18895,0.196567023
EID_19860,0.176728105
EID_24564,0.188671198
EID_21747,0.196239094
EID_4659,0.182427286
EID_24149,0.193713247
EID_13300,0.192305324
EID_16950,0.18960979
EID_23778,0.189000149
EID_14691,0.187937998
EID_10789,0.184341322
EID_5525,0.199045256
EID_19424,0.197849891
EID_6171,0.185398215
EID_19569,0.187584131
EID_4602,0.190005885
EID_17919,0.186227209
EID_4286,0.18484751
EID_1973,0.20442058
EID_25715,0.186446874
EID_23385,0.193867261
EID_13681,0.181844051
EID_25410,0.189249212
EID_18267,0.189927408
EID_15252,0.198930714
EID_23214,0.190082113
EID_18551,0.184033206
EID_2401,0.192184309
EID_7609,0.185250803
EID_21291,0.1857704
EID_10126,0.189625304
EID_19714,0.182041893
EID_4911,0.195990541
EID_12505,0.185339995
EID_10377,0.19693146
EID_3407,0.184222356
EID_3386,0.190510643
EID_7623,0.1857704
EID_19517,0.197189095
EID_21782,0.186677266
EID_12361,0.186473279
EID_21171,0.200438658
EID_17836,0.190777527
EID_20286,0.178010675
EID_25798,0.187296113
EID_15699,0.186677266
EID_17006,0.191470571
EID_22476,0.189907015
EID_9406,0.18550175
EID_13559,0.186557593
EID_1340,0.181393994
EID_17848,0.19127069
EID_20358,0.195982675
EID_14265,0.197106558
EID_9820,0.195294014
EID_13755,0.186220456
EID_13293,0.189907015
EID_25837,0.187464459
EID_20466,0.184664953
EID_11032,0.191012462
EID_2399,0.182956808
EID_23917,0.189907015
EID_17011,0.201243174
EID_8967,0.186986123
EID_24468,0.19015489
EID_8435,0.191215265
EID_17953,0.19661159
EID_7140,0.189956903
EID_24404,0.190951484
EID_14380,0.191395656
EID_1232,0.187338061
EID_1573,0.182503824
EID_3684,0.202001507
EID_15824,0.188277685
EID_9212,0.190363825
EID_21121,0.188015129
EID_6346,0.186220456
EID_9525,0.189934161
EID_9726,0.183026319
EID_2526,0.182752821
EID_4228,0.18456398
EID_14595,0.192807841
EID_15856,0.194500468
EID_6768,0.178156351
EID_23953,0.194835828
EID_19059,0.18825168
EID_5268,0.186677266
EID_7619,0.19094706
EID_23028,0.189576632
EID_22104,0.190819202
EID_10318,0.186557593
EID_25369,0.193788353
EID_16633,0.181266236
EID_15848,0.182083368
EID_2240,0.188669766
EID_1059,0.195512248
EID_9315,0.182449865
EID_15388,0.183464811
EID_9984,0.184162152
EID_4296,0.196907384
EID_10927,0.193777529
EID_25054,0.18663413
EID_1884,0.198222358
EID_21960,0.187181635
EID_5572,0.187134075
EID_16872,0.182420533
EID_24525,0.194014771
EID_14237,0.182888357
EID_7114,0.183840784
EID_7448,0.190363825
EID_17668,0.189841613
EID_7674,0.198426344
EID_5884,0.188057643
EID_13942,0.187134075
EID_13098,0.195660157
EID_7695,0.180006864
EID_5350,0.190851017
EID_22853,0.179804754
EID_2385,0.188653742
EID_18006,0.196815576
EID_12875,0.197026316
EID_5478,0.190033441
EID_18690,0.187409033
EID_12545,0.199261126
EID_13888,0.186684019
EID_9732,0.198495885
EID_18001,0.187641017
EID_17479,0.18312634
EID_23757,0.18540288
EID_1303,0.186544152
EID_5375,0.180556913
EID_5869,0.186299204
EID_8825,0.193382863
EID_22567,0.185521093
EID_16273,0.194043659
EID_20618,0.194577006
EID_3608,0.195141204
EID_8806,0.19692089
EID_23170,0.183454849
EID_12243,0.192122131
EID_20089,0.192468538
EID_16852,0.186128649
EID_18312,0.188453502
EID_14010,0.182526403
EID_14705,0.198883908
EID_20956,0.195626999
EID_18794,0.185276454
EID_1629,0.194241028
EID_25483,0.201326464
EID_4542,0.187839438
EID_10076,0.18905442
EID_9469,0.194563981
EID_25284,0.187051094
EID_11972,0.191050045
EID_1798,0.183327399
EID_21903,0.189037285
EID_20031,0.190369146
EID_20365,0.198426344
EID_9210,0.185248927
EID_19750,0.192138155
EID_4006,0.185339995
EID_24922,0.190087754
EID_4760,0.193330563
EID_11035,0.190088866
EID_21008,0.19965881
EID_23731,0.180556245
EID_21788,0.183719237
EID_5428,0.178696838
EID_14023,0.187590884
EID_2937,0.186496168
EID_16931,0.185263458
EID_18299,0.192277416
EID_6660,0.194234338
EID_23187,0.193628933
EID_14868,0.187444053
EID_23247,0.188696912
EID_15971,0.189630944
EID_7852,0.189126575
EID_7017,0.197251274
EID_7494,0.180683339
EID_18706,0.188087284
EID_22784,0.190995732
EID_10756,0.18211301
EID_6854,0.205167618
EID_12554,0.197637691
EID_1162,0.177884277
EID_19581,0.188990913
EID_2169,0.178092089
EID_25149,0.187957748
EID_22575,0.191902598
EID_2265,0.186220456
EID_19668,0.185486171
EID_19245,0.182520837
EID_8194,0.18092236
EID_8081,0.203520468
EID_8670,0.186530075
EID_7992,0.185370476
EID_6596,0.184171478
EID_3699,0.201819656
EID_9698,0.186100783
EID_1847,0.201015733
EID_16179,0.183858108
EID_23663,0.188303
EID_24287,0.189954575
EID_3527,0.176192739
EID_18652,0.190010029
EID_24110,0.19127069
EID_21419,0.197069422
EID_12865,0.192552535
EID_9237,0.187007649
EID_20408,0.192657849
EID_22934,0.189250672
EID_6492,0.185650727
EID_20285,0.19580869
EID_1286,0.19457144
EID_12542,0.18171953
EID_5523,0.189878749
EID_1979,0.193713247
EID_23146,0.191188154
EID_4773,0.188496609
EID_8785,0.182870589
EID_4463,0.192228185
EID_24028,0.188014536
EID_20920,0.189047709
EID_21392,0.191269259
EID_4079,0.194544329
EID_5173,0.193657856
EID_22915,0.189576632
EID_18347,0.195705747
EID_7984,0.188025713
EID_25148,0.194874741
EID_4350,0.195845826
EID_6909,0.188169821
EID_10582,0.192806381
EID_6248,0.19636552
EID_10035,0.201929781
EID_24603,0.196239094
EID_1794,0.183202878
EID_9407,0.191720747
EID_2114,0.190813881
EID_21125,0.188371324
EID_15046,0.193173901
EID_8058,0.184614536
EID_1961,0.187006536
EID_23324,0.190133301
EID_21521,0.203520468
EID_11043,0.189927421
EID_6461,0.200796633
EID_10398,0.19468232
EID_20635,0.187584131
EID_22940,0.19367014
EID_8582,0.179595066
EID_12770,0.19636552
EID_15982,0.182245879
EID_19692,0.184059611
EID_18304,0.191038867
EID_13603,0.197856644
EID_6145,0.187196799
EID_16587,0.185439988
EID_16835,0.185439988
EID_8399,0.185677132
EID_7012,0.180408293
EID_20575,0.188140082
EID_20747,0.181887186
EID_3907,0.197469619
EID_22626,0.179115678
EID_4442,0.188294787
EID_18034,0.196918561
EID_16055,0.196208774
EID_21684,0.194875419
EID_17499,0.186958977
EID_1222,0.171184234
EID_17204,0.180563357
EID_22732,0.181887186
EID_8539,0.1972155
EID_23136,0.188477937
EID_24470,0.19813839
EID_17404,0.196739039
EID_21498,0.196294548
EID_19495,0.196632426
EID_23966,0.191976053
EID_1388,0.185114029
EID_7374,0.185451553
EID_25441,0.194207192
EID_16616,0.186177321
EID_7654,0.190005895
EID_4217,0.198467751
EID_9968,0.193839673
EID_17830,0.195401901
EID_12023,0.191277443
EID_24002,0.185116357
EID_11371,0.189603778
EID_11096,0.177884277
EID_24835,0.202606849
EID_17439,0.184940072
EID_6587,0.192932807
EID_21946,0.184791378
EID_5431,0.197893751
EID_4723,0.18531359
EID_11535,0.185727265
EID_2330,0.185852937
EID_23531,0.192843517
EID_8913,0.198518906
EID_21273,0.1857704
EID_11927,0.192952591
EID_1385,0.187584131
EID_15758,0.19692089
EID_1023,0.184827152
EID_8959,0.197189849
EID_12911,0.19457144
EID_15925,0.193558555
EID_17769,0.187344814
EID_19842,0.185717939
EID_15875,0.190517396
EID_21284,0.182750917
EID_24825,0.1890537
EID_23825,0.180480376
EID_13001,0.183747517
EID_25601,0.195660157
EID_24670,0.188746303
EID_24412,0.188219709
EID_18712,0.189065122
EID_21138,0.188478098
EID_19335,0.183729199
EID_16753,0.18800897
EID_24399,0.19198884
EID_12567,0.182202744
EID_22161,0.186728488
EID_12609,0.18575367
EID_22249,0.17789103
EID_5314,0.191298556
EID_1897,0.193283003
EID_22507,0.198427098
EID_2878,0.182053458
EID_10098,0.189378211
EID_18435,0.187464459
EID_8063,0.185340305
EID_3512,0.186958977
EID_24444,0.182870589
EID_9813,0.185320343
EID_25132,0.193679411
EID_5613,0.187140828
EID_14062,0.197765549
EID_20073,0.186120064
EID_12506,0.192832947
EID_1092,0.190642299
EID_15895,0.183933185
EID_1039,0.190400961
EID_22016,0.19927092
EID_6764,0.187464459
EID_17384,0.183080632
EID_8705,0.184214303
EID_14832,0.192580435
EID_16473,0.189113823
EID_11186,0.19267218
EID_7476,0.199213566
EID_19671,0.182772473
EID_14001,0.189944151
EID_10658,0.175476296
EID_6668,0.186174748
EID_13786,0.184490015
EID_11224,0.191700341
EID_13296,0.201422409
EID_22145,0.194994385
EID_6494,0.196639018
EID_1649,0.179656491
EID_20878,0.183483129
EID_3790,0.191648662
EID_9257,0.185396881
EID_14917,0.202057639
EID_22052,0.197856679
EID_1198,0.186684019
EID_8478,0.196265499
EID_2071,0.193713247
EID_1250,0.178249709
EID_9000,0.196358767
EID_17319,0.177481781
EID_21794,0.192931347
EID_23350,0.184737108
EID_16278,0.183033059
EID_3330,0.189201962
EID_12584,0.1857704
EID_9354,0.203232003
EID_15007,0.191369251
EID_11656,0.182833539
EID_22526,0.196576294
EID_11027,0.186233962
EID_21588,0.177982394
EID_13717,0.184747377
EID_8073,0.187964403
EID_15972,0.194305753
EID_5730,0.184789918
EID_23968,0.182934512
EID_4299,0.198927043
EID_6302,0.180563357
EID_6974,0.181413646
EID_4829,0.18718206
EID_21139,0.181964748
EID_23456,0.198451769
EID_20110,0.186881252
EID_20342,0.176723537
EID_15238,0.190116732
EID_10349,0.193903925
EID_10077,0.183483129
EID_22330,0.191522082
EID_4368,0.191691769
EID_8859,0.18312634
EID_24277,0.184033206
EID_1061,0.198625519
EID_5597,0.186327069
EID_4820,0.197446765
EID_5863,0.194213191
EID_23680,0.18863263
EID_5542,0.184135007
EID_6203,0.184107171
EID_5355,0.189394074
EID_19669,0.186100783
EID_21725,0.191114264
EID_2138,0.183602801
EID_24278,0.187380796
EID_6591,0.196504879
EID_21056,0.178422473
EID_18759,0.196028355
EID_12059,0.190033441
EID_11077,0.199531792
EID_17216,0.188851617
EID_15655,0.193008638
EID_19017,0.187794871
EID_17846,0.190813881
EID_6418,0.193173901
EID_25942,0.197117693
EID_5420,0.195050517
EID_11764,0.183856647
EID_16483,0.196055944
EID_1901,0.178791143
EID_21480,0.186100783
EID_8006,0.194255865
EID_1282,0.193300327
EID_6895,0.196237662
EID_13677,0.19049025
EID_6071,0.1872118
EID_14425,0.181927032
EID_22685,0.191307826
EID_20203,0.184389994
EID_19161,0.183602801
EID_1947,0.187007649
EID_16574,0.189870661
EID_2561,0.190308399
EID_20668,0.182619398
EID_7831,0.202457563
EID_8769,0.186184074
EID_25191,0.197838326
EID_15590,0.198470233
EID_12458,0.193858605
EID_11406,0.186605153
EID_17629,0.176977412
EID_4632,0.189295513
EID_18455,0.187114262
EID_23077,0.195151048
EID_25024,0.196445763
EID_6269,0.194253347
EID_12100,0.184088499
EID_23190,0.201819656
EID_9030,0.179859454
EID_12359,0.179578336
EID_12041,0.187839438
EID_2019,0.180456224
EID_22974,0.188176574
EID_10351,0.185727265
EID_23630,0.187773281
EID_7309,0.183456724
EID_19821,0.18908344
EID_4033,0.184820399
EID_3435,0.195450441
EID_5759,0.193839673
EID_12826,0.18632107
EID_8148,0.19164495
EID_16088,0.189773323
EID_15783,0.192019188
EID_19521,0.191414439
EID_13016,0.184202738
EID_13708,0.190940307
EID_4237,0.1829285
EID_3620,0.19243045
EID_10042,0.189175248
EID_8833,0.180920483
EID_21028,0.178665312
EID_3485,0.190122731
EID_23372,0.186684019
EID_19410,0.190320718
EID_6598,0.190813881
EID_25371,0.18712251
EID_19483,0.190357072
EID_22826,0.1957194
EID_23606,0.200338637
EID_9346,0.189119822
EID_1608,0.185177216
EID_1603,0.201243174
EID_23041,0.186684019
EID_7801,0.183152745
EID_22456,0.182202744
EID_24428,0.182546621
EID_10811,0.18460966
EID_24566,0.184827152
EID_2531,0.186327069
EID_10878,0.183939938
EID_19548,0.191663578
EID_11988,0.185320343
EID_11378,0.187217366
EID_9896,0.192221445
EID_17323,0.180106857
EID_24976,0.187872596
EID_11249,0.184030633
EID_20395,0.188942982
EID_18262,0.192120387
EID_14670,0.190060587
EID_12880,0.18312634
EID_1406,0.190153085
EID_23014,0.1934654
EID_5224,0.189576632
EID_3232,0.190108518
EID_22327,0.191286271
EID_2285,0.189494095
EID_20468,0.199836392
EID_4443,0.17738921
EID_15641,0.186327069
EID_8106,0.195900497
EID_13958,0.191545649
EID_10214,0.192677501
EID_17739,0.17404091
EID_13347,0.189494095
EID_23453,0.189006902
EID_1477,0.191222018
EID_20224,0.185571262
EID_2362,0.188787978
EID_21421,0.190384218
EID_7860,0.184837478
EID_10286,0.188112652
EID_7184,0.187507594
EID_21742,0.186419631
EID_21610,0.193712134
EID_19375,0.189349901
EID_18564,0.194252593
EID_19108,0.185681585
EID_17928,0.193656522
EID_25613,0.181828471
EID_23787,0.190813881
EID_2392,0.190529652
EID_7574,0.184708842
EID_9810,0.182840651
EID_14332,0.187734012
EID_20937,0.194872936
EID_7827,0.190586483
EID_7457,0.19137055
EID_11152,0.187239501
EID_12917,0.192221445
EID_18590,0.191277443
EID_15327,0.195533732
EID_11687,0.187210327
EID_5179,0.188084048
EID_5623,0.178639952
EID_25331,0.181845955
EID_24386,0.184664953
EID_6507,0.202331891
EID_7842,0.198930714
EID_12018,0.188442367
EID_6640,0.184531246
EID_9872,0.189907015
EID_2331,0.193713247
EID_19685,0.191145725
EID_25701,0.189244788
EID_25681,0.190708323
EID_20151,0.195196595
EID_8980,0.180126509
EID_12719,0.186431195
EID_20075,0.190208539
EID_14984,0.190400961
EID_8177,0.197566884
EID_1360,0.196423463
EID_24812,0.196154781
EID_8480,0.183939938
EID_14567,0.190308399
EID_16194,0.187977041
EID_10020,0.186465031
EID_7321,0.186882684
EID_15387,0.180197925
EID_19419,0.194171517
EID_20496,0.186677266
EID_1308,0.187839438
EID_14770,0.181146592
EID_21893,0.175096024
EID_10990,0.197183096
EID_17521,0.193389616
EID_15274,0.190445283
EID_24001,0.188169821
EID_4111,0.19304502
EID_4284,0.186358418
EID_19682,0.191870627
EID_14871,0.185606866
EID_18152,0.19225459
EID_12520,0.200996081
EID_4739,0.192419244
EID_8424,0.187007649
EID_23600,0.194746539
EID_25891,0.185276454
EID_11618,0.189683754
EID_12674,0.189390963
EID_5999,0.179346069
EID_18063,0.17914501
EID_14859,0.190813881
EID_20353,0.193839673
EID_22962,0.187415786
EID_19650,0.179346069
EID_6108,0.195451901
EID_19012,0.196126915
EID_22925,0.189140228
EID_15619,0.199925716
EID_19998,0.181463779
EID_20052,0.198426344
EID_25044,0.191995705
EID_5422,0.175878124
EID_15354,0.187920514
EID_3804,0.188992374
EID_23277,0.197013451
EID_12336,0.191569132
EID_24839,0.189940879
EID_1651,0.184588131
EID_24355,0.18817582
EID_24276,0.198745192
EID_10346,0.191644963
EID_9579,0.185200671
EID_23242,0.197322245
EID_23541,0.186705173
EID_14741,0.188514452
EID_7783,0.191469111
EID_12569,0.196182369
EID_3834,0.18765688
EID_6799,0.186099671
EID_15609,0.193038233
EID_5496,0.188844864
EID_5080,0.192423697
EID_14834,0.187061962
EID_18266,0.18710767
EID_1182,0.18781046
EID_6445,0.185944357
EID_18656,0.188871269
EID_24011,0.195856249
EID_25093,0.184863534
EID_11334,0.186564346
EID_15785,0.180458797
EID_8060,0.191953918
EID_4349,0.175898086
EID_22525,0.181716293
EID_1231,0.197652657
EID_2127,0.179027222
EID_4047,0.197652657
EID_12989,0.198095961
EID_17726,0.199256673
EID_1602,0.199370346
EID_5945,0.179578336
EID_15166,0.184066364
EID_25317,0.187876545
EID_18848,0.189849848
EID_14455,0.193200306
EID_9724,0.193931383
EID_22697,0.192377437
EID_16505,0.195551055
EID_11616,0.184031301
EID_10352,0.183456724
EID_24093,0.186594284
EID_11826,0.195464835
EID_24211,0.188014536
EID_14709,0.187382628
EID_18747,0.19094706
EID_16077,0.187564479
EID_15440,0.189484824
EID_4935,0.182335169
EID_13791,0.187181635
EID_16876,0.19408752
EID_1335,0.188563746
EID_19086,0.180035146
EID_12872,0.192621356
EID_11623,0.187921268
EID_7807,0.187507594
EID_9605,0.189546249
EID_12736,0.196282983
EID_20565,0.190920655
EID_17225,0.187584131
EID_19974,0.184571401
EID_16045,0.187483739
EID_2082,0.19711555
EID_22219,0.185109604
EID_19439,0.195141204
EID_2979,0.191490258
EID_24414,0.187518771
EID_15148,0.186935565
EID_10690,0.19535089
EID_16346,0.185277208
EID_22752,0.188240115
EID_21746,0.191043292
EID_1705,0.193298866
EID_7498,0.198955309
EID_6874,0.198426344
EID_4543,0.197722442
EID_8931,0.183784208
EID_16435,0.189251785
EID_16767,0.188057643
EID_3058,0.193283003
EID_16381,0.177945702
EID_17190,0.192677501
EID_7079,0.187921255
EID_10191,0.192706389
EID_1378,0.187177182
EID_20222,0.187414326
EID_6156,0.194042518
EID_5975,0.192194286
EID_18682,0.186107536
EID_8837,0.194071496
EID_24686,0.186233962
EID_9869,0.18785219
EID_14673,0.18570504
EID_14443,0.187140828
EID_21591,0.19777087
EID_25240,0.199339963
EID_18365,0.185193918
EID_9260,0.197639151
EID_10696,0.18800897
EID_18012,0.188383243
EID_17421,0.189913768
EID_23615,0.192138155
EID_14132,0.180958742
EID_13168,0.185567746
EID_16973,0.190357072
EID_13426,0.187766563
EID_1493,0.185409633
EID_3994,0.187435481
EID_10574,0.195485059
EID_12394,0.186184074
EID_4781,0.187140828
EID_24911,0.194325405
EID_3205,0.187921268
EID_25568,0.187471212
EID_4343,0.187140828
EID_4330,0.189740165
EID_12518,0.188801729
EID_18426,0.187056784
EID_3862,0.193410763
EID_13478,0.194390343
EID_5607,0.201819656
EID_22353,0.19535188
EID_18346,0.185566414
EID_5978,0.191040167
EID_3391,0.185974386
EID_8525,0.18022653
EID_5245,0.187471212
EID_11791,0.190638944
EID_22913,0.191770635
EID_15587,0.188140801
EID_4851,0.187937998
EID_3432,0.181289125
EID_13090,0.187333249
EID_15117,0.174160583
EID_22004,0.190731344
EID_16053,0.183356731
EID_16458,0.180663971
EID_8021,0.18948407
EID_24385,0.190329544
EID_7053,0.192375977
EID_13544,0.187931838
EID_9014,0.19094706
EID_9246,0.196576294
EID_15642,0.179319664
EID_12295,0.182250304
EID_7925,0.196096561
EID_18473,0.188447618
EID_19427,0.189321635
EID_17027,0.193101152
EID_22093,0.187051094
EID_25611,0.18696573
EID_20490,0.196957244
EID_4204,0.184720406
EID_2604,0.191921877
EID_16152,0.200051981
EID_8563,0.182695936
EID_18620,0.186102244
EID_11012,0.1990386
EID_19598,0.189871996
EID_13159,0.19427537
EID_13171,0.183207726
EID_8374,0.180556913
EID_9838,0.203660976
EID_18489,0.192275745
EID_17451,0.201551451
EID_7269,0.192926054
EID_20548,0.186557593
EID_9466,0.191397116
EID_16085,0.19457144
EID_24082,0.195852579
EID_5078,0.182265531
EID_23951,0.190158407
EID_8327,0.186217219
EID_5904,0.195120811
EID_11085,0.187793729
EID_21437,0.193016098
EID_7471,0.192657849
EID_12046,0.192506827
EID_18653,0.18562246
EID_14175,0.191545649
EID_5514,0.187964403
EID_20148,0.190159838
EID_14260,0.186564346
EID_15574,0.185698985
EID_7287,0.184263597
EID_18889,0.190363825
EID_13106,0.181709605
EID_15448,0.196528299
EID_25897,0.192128884
EID_23758,0.197462754
EID_23208,0.197116381
EID_13646,0.196078243
EID_5467,0.18585969
EID_6022,0.195908004
EID_10923,0.193839673
EID_10408,0.18595209
EID_4186,0.187260472
EID_22022,0.189401533
EID_16390,0.175870984
EID_19493,0.19900958
EID_12519,0.186731578
EID_23549,0.190143179
EID_17612,0.19502079
EID_25007,0.188305993
EID_1949,0.194626866
EID_23313,0.18366644
EID_22516,0.19131825
EID_21836,0.196056565
EID_7268,0.183883052
EID_8202,0.195114058
EID_6613,0.186995047
EID_2596,0.187645556
EID_19849,0.190545543
EID_11546,0.184533122
EID_3942,0.1827075
EID_7899,0.183083205
EID_4802,0.18484751
EID_6725,0.186396147
EID_3835,0.193713247
EID_9511,0.187638444
EID_5757,0.178058235
EID_24838,0.183878513
EID_15225,0.192496403
EID_8238,0.187040807
EID_2826,0.183530688
EID_20774,0.185752557
EID_19311,0.189302266
EID_12339,0.188384818
EID_1583,0.193327473
EID_1033,0.194453263
EID_10764,0.182942006
EID_17203,0.1934654
EID_1345,0.184363589
EID_4951,0.190057071
EID_16956,0.187134075
EID_9203,0.181470223
EID_7021,0.18171953
EID_8707,0.202859672
EID_5209,0.187507903
EID_20428,0.194949544
EID_10913,0.191096346
EID_11507,0.189824478
EID_3693,0.188290248
EID_22857,0.192410595
EID_18744,0.177384333
EID_19600,0.197066939
EID_21336,0.189630944
EID_17676,0.190053834
EID_1678,0.189119822
EID_4889,0.194185057
EID_9961,0.198343808
EID_23386,0.200650151
EID_19835,0.188084048
EID_9519,0.18133226
EID_5449,0.177488893
EID_20640,0.187457706
EID_16387,0.194564722
EID_20293,0.197886998
EID_2296,0.180434032
EID_11827,0.188808349
EID_21522,0.193888345
EID_2767,0.181596648
EID_2873,0.199459636
EID_2603,0.185908003
EID_2674,0.194620113
EID_23682,0.18087576
EID_13310,0.195626999
EID_6523,0.179014988
EID_13056,0.19768158
EID_7244,0.192071998
EID_1072,0.183489882
EID_25833,0.19327625
EID_11244,0.194317318
EID_22918,0.191672074
EID_16735,0.184389994
EID_4201,0.202731814
EID_5998,0.19094706
EID_19254,0.188378077
EID_16653,0.188626631
EID_11729,0.201369599
EID_19573,0.185423273
EID_21463,0.192932807
EID_5899,0.187134075
EID_23613,0.193938974
EID_8609,0.190851017
EID_2660,0.177508854
EID_1333,0.188746303
EID_3212,0.191644963
EID_7830,0.197969535
EID_4372,0.187050784
EID_15955,0.187034761
EID_22059,0.196851252
EID_22804,0.193091175
EID_4700,0.187837977
EID_14401,0.184314917
EID_19971,0.191738231
EID_10684,0.191650962
EID_21512,0.183043359
EID_16722,0.190315152
EID_16012,0.185038188
EID_19093,0.187151398
EID_25636,0.1857704
EID_10567,0.19127069
EID_11601,0.183224456
EID_25697,0.191671355
EID_22131,0.182420533
EID_8511,0.180985147
EID_18114,0.184983178
EID_12784,0.198426344
EID_12820,0.188084048
EID_4512,0.18531359
EID_5837,0.189938614
EID_12564,0.198476233
EID_16737,0.18585369
EID_25986,0.19171449
EID_8729,0.188337922
EID_4386,0.192225116
EID_5223,0.200290718
EID_1494,0.186684019
EID_22699,0.183208877
EID_1083,0.190384218
EID_1329,0.191901485
EID_3550,0.187014402
EID_18845,0.18366644
EID_17946,0.181166553
EID_1712,0.192606848
EID_12024,0.191397116
EID_2974,0.192294181
EID_12806,0.17867147
EID_10396,0.190363825
EID_3998,0.192356325
EID_22451,0.181590205
EID_12242,0.197849891
EID_18599,0.189927408
EID_9423,0.180646647
EID_25347,0.184370342
EID_20183,0.183576396
EID_18079,0.1812337
EID_10059,0.208045122
EID_1322,0.189559901
EID_18109,0.182969743
EID_7325,0.187233935
EID_6000,0.186200804
EID_10760,0.184537575
EID_24380,0.186409606
EID_7070,0.183152745
EID_2796,0.191258533
EID_18860,0.182702689
EID_13597,0.181441956
EID_6858,0.19089279
EID_14987,0.196288549
EID_8902,0.18330803
EID_9453,0.186529313
EID_20605,0.190884162
EID_16020,0.17347823
EID_6335,0.187584131
EID_1317,0.189654356
EID_5575,0.19249565
EID_17433,0.191775059
EID_6238,0.1857704
EID_10734,0.182597375
EID_7661,0.197645904
EID_9281,0.187739417
EID_19259,0.19836962
EID_9544,0.200993867
EID_2572,0.19137055
EID_12706,0.201796061
EID_20500,0.188239361
EID_19258,0.191307826
EID_15915,0.198871589
EID_25265,0.200263559
EID_16567,0.19127069
EID_19553,0.203632053
EID_25403,0.187628698
EID_10354,0.189120576
EID_19522,0.192968483
EID_20132,0.201964371
EID_3363,0.199713482
EID_15253,0.18552433
EID_8368,0.177195172
EID_3883,0.195076922
EID_7323,0.184122496
EID_16203,0.192194879
EID_9080,0.184113924
EID_12266,0.179741116
EID_13777,0.191626527
EID_24876,0.183356731
EID_11961,0.199257426
EID_25871,0.190264573
EID_3563,0.195083675
EID_3377,0.187134075
EID_19924,0.194745832
EID_4070,0.187140828
EID_7727,0.18131553
EID_2253,0.184114282
EID_5056,0.193838213
EID_16751,0.186888005
EID_2105,0.190034195
EID_14078,0.192932807
EID_18779,0.186803663
EID_2218,0.183363471
EID_6130,0.193283003
EID_21722,0.191140159
EID_17748,0.193437176
EID_21322,0.189494095
EID_6016,0.186227209
EID_20480,0.185068952
EID_18843,0.189758483
EID_7336,0.186220456
EID_4455,0.189799958
EID_15206,0.198680219
EID_15582,0.193921503
EID_22381,0.19855277
EID_22606,0.173170735
EID_12159,0.179951855
EID_10027,0.186952224
EID_4107,0.188275135
EID_18932,0.187389381
EID_1321,0.180051876
EID_7759,0.185981139
EID_21961,0.185270455
EID_15289,0.186275437
EID_23069,0.197399834
EID_17187,0.194289729
EID_25372,0.184113924
EID_9787,0.18696573
EID_9797,0.187846191
EID_10831,0.189119822
EID_24620,0.185121762
EID_8715,0.180309511
EID_13459,0.191397116
EID_14031,0.181260846
EID_14541,0.186502167
EID_12395,0.186952978
EID_7150,0.18560762
EID_14422,0.18312634
EID_19060,0.194829075
EID_9338,0.182877342
EID_21042,0.18729552
EID_8011,0.196722308
EID_8102,0.192073182
EID_11068,0.186803663
EID_15461,0.185781577
EID_18509,0.183483129
EID_5796,0.197645904
EID_19905,0.19348024
EID_21609,0.186327069
EID_14873,0.194207192
EID_8033,0.201087888
EID_21354,0.186557593
EID_16377,0.19753815
EID_10566,0.193381403
EID_4791,0.173042977
EID_20944,0.186017802
EID_24913,0.195114058
EID_3868,0.185346748
EID_10611,0.179501786
EID_21702,0.181593132
EID_9472,0.181837298
EID_10746,0.188294787
EID_17717,0.188021128
EID_18535,0.191853926
EID_23706,0.18312634
EID_7039,0.192040335
EID_23797,0.195014778
EID_1574,0.187232191
EID_5931,0.179044989
EID_6468,0.195880845
EID_15805,0.190307258
EID_2988,0.19613429
EID_21966,0.183130765
EID_16571,0.184066364
EID_10082,0.181414797
EID_8359,0.187590884
EID_3200,0.189140228
EID_2206,0.197165675
EID_14234,0.181772327
EID_12498,0.198095961
EID_12009,0.193263191
EID_12486,0.191682777
EID_2679,0.196301881
EID_25329,0.192468538
EID_18268,0.187590884
EID_18253,0.187262955
EID_11915,0.182954235
EID_2503,0.191853926
EID_22110,0.190363825
EID_9344,0.188879454
EID_17568,0.185896797
EID_1445,0.186029369
EID_12971,0.17280366
EID_14129,0.195076922
EID_22888,0.188752303
EID_17510,0.197095827
EID_11722,0.18728936
EID_18542,0.188021289
EID_13158,0.187801624
EID_2810,0.194094979
EID_16559,0.192789679
EID_1124,0.198855317
EID_2137,0.186102244
EID_13145,0.197163039
EID_14181,0.190946306
EID_24695,0.184637435
EID_21367,0.190151654
EID_13213,0.195205831
EID_15852,0.184241018
EID_9531,0.191040167
EID_6197,0.181596648
EID_20012,0.188196226
EID_10381,0.187035514
EID_9136,0.181470532
EID_12063,0.179595066
EID_22318,0.186880111
EID_24047,0.189109845
EID_5834,0.189701597
EID_4763,0.19189174
EID_24096,0.193932234
EID_13825,0.190053834
EID_14326,0.192115231
EID_10111,0.188983448
EID_23362,0.191029597
EID_8682,0.1809291
EID_18727,0.17955793
EID_20725,0.193838213
EID_15976,0.18324411
EID_17626,0.192156472
EID_13302,0.187196862
EID_11333,0.193382863
EID_12305,0.19094706
EID_4987,0.189907015
EID_12132,0.190357072
EID_14163,0.195781607
EID_15666,0.191651668
EID_19257,0.192475998
EID_1591,0.184059611
EID_5610,0.18975173
EID_4835,0.18337241
EID_5060,0.206264548
EID_15897,0.192678242
EID_9771,0.203190084
EID_11486,0.183715546
EID_14583,0.186888005
EID_17832,0.184483262
EID_6876,0.189203113
EID_18560,0.186601037
EID_1091,0.188076582
EID_3837,0.195526979
EID_8508,0.198883908
EID_23640,0.184952824
EID_13280,0.181696508
EID_3352,0.19070099
EID_13404,0.198756757
EID_23565,0.19381626
EID_24526,0.19362014
EID_9254,0.189723422
EID_8916,0.182723843
EID_15227,0.1934654
EID_11672,0.184370342
EID_8926,0.185396881
EID_25125,0.191644963
EID_3170,0.185595302
EID_24612,0.182695936
EID_23932,0.19945893
EID_11554,0.183538138
EID_19854,0.184691074
EID_16362,0.192882919
EID_13195,0.183939938
EID_25559,0.185652253
EID_18526,0.182283849
EID_23226,0.187343009
EID_5873,0.194114631
EID_11286,0.186971296
EID_7573,0.185798976
EID_11669,0.19408752
EID_12639,0.184389994
EID_12309,0.202400985
EID_17566,0.19770133
EID_3644,0.194753292
EID_9921,0.185595302
EID_14703,0.184946825
EID_19366,0.190695668
EID_12449,0.185896797
EID_24591,0.181458658
EID_4698,0.186233962
EID_17657,0.190940307
EID_24446,0.196612613
EID_18528,0.198495885
EID_8868,0.196785138
EID_5820,0.186100783
EID_24215,0.193018615
EID_19176,0.187837977
EID_6578,0.190033441
EID_9672,0.193839673
EID_10702,0.187619772
EID_4741,0.18508836
EID_24067,0.184114592
EID_2416,0.186227209
EID_12089,0.18841446
EID_8392,0.196026204
EID_16766,0.196337655
EID_23137,0.189610531
EID_24704,0.182752821
EID_13184,0.181441956
EID_21642,0.188337922
EID_8050,0.190638783
EID_20432,0.192350326
EID_14456,0.189484105
EID_7769,0.179043213
EID_14077,0.192804604
EID_17805,0.179247953
EID_14927,0.19325576
EID_7995,0.186986123
EID_2297,0.180739076
EID_7960,0.188950017
EID_9481,0.19060171
EID_2781,0.195660157
EID_25571,0.188915836
EID_12462,0.192784952
EID_17761,0.180189838
EID_22310,0.186559053
EID_15161,0.187465919
EID_3361,0.190225862
EID_2166,0.193757136
EID_1515,0.189653071
EID_13787,0.191188154
EID_23496,0.195232368
EID_7820,0.193226437
EID_14433,0.185439988
EID_9405,0.186220456
EID_4195,0.184052858
EID_24190,0.190033441
EID_20400,0.184889939
EID_16111,0.198020177
EID_5502,0.196182962
EID_17381,0.181289125
EID_22435,0.191947032
EID_3060,0.199356693
EID_19197,0.187387921
EID_13311,0.191874319
EID_14282,0.191298556
EID_5849,0.189653169
EID_19845,0.194241028
EID_6965,0.190264586
EID_5048,0.193408549
EID_13766,0.189265998
EID_22269,0.191058519
EID_4363,0.19617637
EID_12215,0.182576263
EID_14479,0.192706521
EID_7348,0.199145115
EID_25664,0.182626395
EID_4940,0.179853011
EID_6877,0.178128443
EID_8337,0.185320343
EID_1775,0.183025206
EID_13938,0.19078388
EID_12735,0.190070549
EID_16138,0.187346246
EID_18586,0.191395656
EID_16650,0.187436179
EID_18259,0.196457328
EID_19144,0.205370581
EID_4483,0.184994743
EID_10929,0.189907015
EID_19882,0.186502167
EID_3779,0.194252234
EID_18678,0.192221445
EID_7168,0.184946825
EID_23279,0.197849891
EID_17008,0.180948011
EID_2795,0.195901957
EID_1833,0.183592811
EID_21026,0.187994723
EID_20322,0.186971296
EID_10026,0.186437195
EID_7742,0.1857704
EID_21792,0.195605887
EID_14341,0.191919328
EID_24634,0.187490492
EID_3379,0.187309753
EID_20627,0.183933185
EID_8572,0.197645904
EID_15104,0.187414645
EID_12426,0.18068303
EID_17588,0.182969434
EID_20961,0.191645669
EID_23260,0.17702564
EID_7213,0.196491917
EID_11851,0.183546013
EID_5696,0.197483125
EID_23011,0.195958004
EID_2035,0.193538149
EID_22461,0.185353746
EID_23215,0.188914376
EID_6913,0.182020893
EID_5739,0.182294107
EID_19814,0.200296717
EID_20320,0.185571818
EID_2043,0.197772302
EID_21992,0.187162963
EID_9324,0.176477467
EID_3863,0.182559548
EID_7513,0.18178907
EID_11120,0.188844864
EID_6548,0.194746539
EID_23957,0.193184345
EID_11408,0.191247704
EID_24638,0.192926054
EID_3908,0.178439203
EID_17023,0.179759434
EID_10902,0.18312634
EID_3543,0.195779802
EID_3633,0.188541908
EID_3394,0.194548028
EID_8619,0.191476137
EID_13424,0.18443313
EID_15405,0.190483497
EID_21727,0.181865607
EID_18916,0.193026668
EID_3335,0.194753292
EID_2811,0.188927303
EID_8620,0.183033072
EID_3249,0.174084045
EID_22140,0.183650361
EID_18934,0.192495782
EID_24271,0.177927384
EID_2164,0.187555824
EID_22961,0.179676452
EID_25318,0.185525761
EID_23064,0.178952589
EID_1056,0.192734225
EID_4389,0.184235289
EID_6949,0.193388156
EID_16133,0.192551075
EID_8023,0.195909464
EID_19426,0.193656522
EID_12895,0.196446596
EID_17667,0.193383617
EID_14826,0.196154074
EID_8807,0.183956668
EID_13977,0.188777988
EID_11167,0.194691148
EID_22535,0.191644963
EID_5357,0.184994384
EID_1450,0.18140482
EID_24647,0.187382628
EID_1516,0.19965881
EID_10122,0.196315632
EID_2423,0.187409033
EID_4276,0.178714606
EID_10610,0.190483497
EID_5840,0.178935859
EID_19117,0.192750249
EID_1753,0.201494565
EID_11679,0.186389248
EID_12425,0.187014402
EID_21118,0.182520837
EID_1348,0.181106294
EID_3143,0.187471212
EID_12153,0.190456995
EID_22834,0.18585369
EID_14978,0.192359407
EID_23361,0.190612378
EID_5207,0.18100697
EID_8395,0.197189095
EID_2440,0.200264313
EID_14196,0.199602764
EID_16684,0.195149699
EID_22520,0.188224521
EID_14689,0.184940072
EID_22890,0.186720682
EID_18695,0.187968828
EID_1275,0.18531359
EID_6033,0.191015012
EID_25616,0.182750917
EID_6190,0.187464459
EID_2964,0.196445763
EID_24869,0.192108478
EID_3319,0.191847173
EID_15857,0.194691148
EID_4615,0.191095592
EID_23926,0.181103457
EID_15506,0.199539138
EID_4168,0.18531359
EID_23593,0.196781712
EID_3108,0.190237427
EID_22846,0.196613367
EID_12618,0.183060184
EID_20341,0.19305102
EID_15441,0.190033441
EID_20278,0.184059611
EID_19511,0.194864751
EID_7832,0.187590884
EID_7775,0.181537744
EID_9409,0.186703658
EID_11483,0.189244788
EID_6657,0.185320343
EID_10338,0.191151046
EID_7683,0.181927032
EID_11854,0.191919921
EID_17102,0.188422644
EID_9882,0.195076922
EID_19326,0.189020542
EID_1670,0.185327096
EID_17455,0.200657484
EID_24867,0.198463481
EID_22972,0.193851991
EID_4679,0.190994619
EID_7172,0.191919328
EID_7401,0.194421448
EID_13199,0.194441841
EID_12244,0.195845826
EID_12771,0.185332218
EID_7230,0.184840051
EID_19736,0.201489244
EID_2755,0.187457706
EID_19126,0.187014402
EID_20949,0.191490258
EID_4573,0.181415551
EID_23671,0.183692091
EID_11580,0.180508685
EID_15600,0.18859761
EID_17577,0.194537576
EID_6773,0.181056858
EID_9565,0.191864496
EID_13401,0.200082462
EID_17438,0.192485079
EID_7604,0.196162556
EID_1215,0.197645904
EID_24765,0.194114631
EID_2084,0.184231626
EID_17898,0.186302606
EID_9752,0.190053834
EID_19867,0.193512253
EID_5430,0.183427703
EID_22617,0.181506914
EID_23590,0.203821238
EID_11131,0.189610531
EID_1623,0.188294787
EID_25390,0.184533122
EID_23316,0.187739417
EID_11595,0.18655084
EID_10827,0.198679168
EID_14787,0.193130794
EID_18290,0.191316818
EID_17889,0.190483497
EID_7936,0.181652695
EID_12044,0.184697518
EID_8205,0.183069454
EID_22950,0.188378077
EID_4965,0.195147957
EID_24073,0.200877624
EID_4946,0.195928397
EID_14618,0.195533732
EID_17692,0.190390971
EID_23220,0.187409774
EID_24364,0.185367903
EID_20216,0.178366426
EID_24865,0.184883495
EID_11009,0.1857704
EID_6889,0.185499734
EID_10375,0.19117213
EID_11917,0.202852919
EID_25323,0.183159498
EID_21841,0.189632057
EID_25278,0.189989552
EID_17857,0.181470223
EID_2991,0.194892659
EID_23822,0.178341087
EID_12098,0.186023223
EID_14665,0.18799224
EID_25373,0.188296247
EID_22143,0.194620113
EID_4000,0.195493576
EID_2951,0.179951855
EID_8610,0.190984874
EID_6998,0.184764973
EID_21972,0.201500809
EID_3582,0.193311891
EID_18220,0.19417827
EID_12381,0.183327399
EID_15689,0.186600728
EID_12239,0.193557962
EID_3987,0.187225438
EID_20164,0.193389616
EID_1654,0.200565676
EID_25583,0.196245847
EID_22736,0.187894863
EID_22169,0.198220926
EID_9495,0.195454894
EID_2465,0.188140801
EID_1659,0.187949872
EID_4509,0.186695583
EID_15264,0.187263709
EID_9494,0.193136793
EID_23657,0.186309746
EID_10376,0.18290487
EID_25277,0.184389982
EID_15121,0.191946326
EID_14760,0.177525584
EID_9160,0.19174423
EID_18574,0.183758087
EID_2977,0.188371324
EID_4745,0.200655009
EID_6762,0.193776788
EID_2682,0.187260472
EID_19172,0.197983041
EID_1013,0.179326107
EID_1242,0.190813881
EID_10336,0.192806381
EID_11247,0.197419619
EID_4631,0.185195378
EID_21660,0.188240102
EID_6752,0.184938167
EID_14409,0.196020924
EID_21720,0.188047694
EID_14495,0.189576632
EID_15348,0.19343229
EID_9610,0.194664002
EID_10629,0.180913034
EID_10182,0.19270782
EID_10598,0.185568962
EID_11065,0.201087888
EID_16129,0.187839438
EID_15572,0.187134075
EID_21059,0.197639905
EID_7812,0.193081339
EID_15162,0.176147084
EID_6911,0.193015378
EID_17591,0.185320343
EID_22638,0.194325503
EID_3217,0.194994385
EID_10116,0.196490485
EID_23199,0.189000149
EID_18844,0.191644209
EID_19931,0.194591127
EID_22215,0.189991012
EID_14623,0.186935565
EID_7884,0.196155803
EID_3197,0.190081001
EID_11291,0.194205732
EID_3320,0.185396881
EID_12585,0.190632784
EID_13592,0.199687831
EID_11264,0.186431195
EID_6997,0.195782285
EID_2327,0.183566419
EID_9340,0.178489336
EID_14544,0.187713012
EID_13055,0.195021531
EID_14014,0.19163821
EID_7429,0.189511229
EID_19008,0.192552535
EID_14283,0.186777258
EID_10882,0.192469998
EID_5194,0.191397116
EID_23844,0.191123457
EID_22628,0.187471212
EID_10033,0.20159337
EID_13281,0.189576632
EID_23871,0.187392374
EID_3621,0.188844864
EID_12968,0.189907015
EID_5819,0.182520837
EID_6694,0.193658575
EID_17656,0.188240102
EID_8888,0.193803934
EID_14552,0.183413617
EID_15342,0.189103833
EID_7728,0.188871947
EID_10331,0.185446741
EID_5479,0.185429285
EID_25526,0.184413478
EID_12348,0.193582038
EID_6196,0.187134075
EID_3619,0.188071261
EID_11280,0.185320343
EID_18119,0.182698484
EID_18058,0.186227209
EID_20911,0.196943025
EID_19840,0.189701907
EID_11808,0.19188428
EID_16265,0.182752821
EID_25976,0.183526573
EID_3872,0.186052852
EID_23029,0.189568728
EID_11745,0.186170324
EID_9556,0.191094901
EID_19748,0.194163303
EID_23253,0.181470223
EID_16237,0.199839908
EID_11694,0.186951073
EID_12824,0.181596648
EID_12797,0.194626866
EID_3524,0.194626866
EID_10559,0.191297836
EID_22844,0.18728936
EID_22281,0.190582058
EID_9535,0.181870146
EID_1642,0.186750014
EID_17630,0.190822094
EID_15083,0.191297836
EID_2690,0.191516761
EID_12199,0.180958742
EID_3449,0.194464827
EID_12097,0.198220926
EID_23272,0.187326496
EID_6890,0.189574059
EID_2438,0.189832448
EID_6508,0.180167571
EID_10772,0.186233962
EID_6076,0.194234275
EID_3045,0.189456959
EID_24779,0.1785656
EID_12553,0.182779226
EID_24984,0.182348822
EID_17157,0.194901824
EID_11823,0.181632289
EID_4765,0.19035564
EID_16143,0.198095961
EID_19658,0.187007649
EID_12035,0.183008552
EID_3481,0.195119351
EID_12776,0.197189095
EID_21160,0.189158546
EID_11127,0.190545663
EID_11784,0.203183331
EID_17458,0.185698287
EID_15653,0.188828134
EID_25399,0.183509534
EID_8799,0.19118886
EID_14529,0.192980367
EID_19407,0.187585319
EID_8224,0.18905442
EID_21582,0.194445014
EID_14807,0.195990541
EID_17338,0.184664953
EID_10635,0.186100783
EID_16300,0.185600867
EID_5155,0.183530688
EID_11136,0.181393994
EID_7716,0.191314579
EID_13041,0.197059495
EID_1572,0.193487309
EID_2382,0.197765549
EID_4568,0.200794333
EID_25153,0.194664002
EID_20523,0.191166564
EID_2332,0.200663483
EID_6143,0.187140828
EID_19549,0.182659553
EID_24568,0.183785233
EID_23211,0.191145725
EID_2342,0.184333109
EID_2922,0.186437948
EID_6026,0.197707329
EID_10107,0.185677451
EID_14855,0.198843752
EID_18780,0.1857704
EID_10578,0.188342346
EID_3842,0.198475799
EID_10225,0.185566414
EID_15275,0.192807841
EID_10740,0.189758483
EID_9483,0.187833438
EID_11262,0.198305649
EID_24388,0.190357072
EID_19271,0.185059716
EID_15363,0.193415302
EID_16555,0.19900958
EID_7387,0.195114058
EID_2692,0.187389381
EID_19754,0.191810037
EID_10859,0.183933185
EID_16618,0.194874741
EID_1697,0.191976053
EID_3764,0.182510267
EID_4502,0.18499248
EID_19240,0.177466313
EID_22590,0.196606614
EID_14056,0.186769792
EID_20697,0.187865843
EID_2505,0.201818196
EID_23288,0.189484105
EID_23373,0.195308906
EID_18878,0.189295513
EID_11857,0.198453503
EID_25945,0.197337082
EID_18242,0.190656267
EID_22823,0.191618426
EID_5625,0.20089606
EID_6702,0.196969562
EID_24252,0.190053093
EID_12704,0.191940314
EID_1770,0.197772302
EID_10159,0.194657249
EID_3702,0.189624191
EID_2688,0.195478306
EID_19784,0.1819656
EID_3636,0.191496976
EID_14537,0.181848504
EID_4878,0.194626866
EID_10260,0.20299091
EID_5154,0.183602801
EID_21206,0.195232236
EID_15511,0.185974386
EID_8010,0.182631274
EID_6249,0.198102714
EID_7392,0.185777153
EID_18362,0.190440362
EID_14147,0.184940072
EID_24826,0.178896012
EID_10862,0.189576632
EID_3088,0.184059611
EID_2871,0.192438861
EID_22681,0.180606801
EID_3720,0.187662879
EID_21540,0.200614349
EID_3516,0.181288012
EID_10969,0.195076922
EID_11396,0.190363825
EID_11407,0.188471345
EID_19264,0.181139839
EID_12406,0.189950904
EID_19440,0.195928397
EID_22729,0.189825939
EID_21143,0.18312634
EID_19936,0.194170056
EID_13997,0.183602801
EID_15533,0.184863534
EID_22065,0.187015109
EID_6600,0.18234842
EID_15316,0.189907015
EID_10721,0.184818523
EID_20630,0.189651337
EID_17720,0.187338061
EID_7692,0.187140828
EID_25004,0.190400961
EID_1804,0.189824478
EID_25207,0.187472672
EID_7638,0.191065272
EID_8179,0.185396881
EID_23406,0.200142864
EID_19285,0.188196226
EID_15333,0.187436179
EID_9685,0.190656023
EID_15725,0.187739417
EID_8302,0.197652657
EID_10726,0.187471212
EID_6168,0.179802569
EID_16711,0.18808541
EID_24881,0.192050018
EID_15281,0.183913533
EID_17428,0.196232341
EID_2814,0.188294787
EID_8717,0.182147319
EID_4395,0.187470458
EID_22871,0.190237427
EID_22152,0.185121169
EID_23649,0.193895098
EID_24748,0.18975173
EID_25426,0.184444307
EID_13986,0.184435302
EID_19704,0.188681331
EID_15554,0.194500468
EID_23100,0.191551648
EID_25408,0.191397116
EID_15870,0.190756015
EID_4048,0.179058014
EID_12712,0.186100783
EID_1937,0.18256951
EID_14246,0.188663767
EID_2569,0.184533122
EID_6228,0.185777153
EID_21309,0.197222253
EID_16971,0.187809698
EID_25273,0.182184426
EID_8968,0.190583357
EID_21475,0.193003345
EID_1982,0.187547749
EID_23627,0.177333163
EID_14209,0.188169821
EID_22365,0.188570486
EID_21031,0.19084778
EID_16883,0.188342346
EID_15734,0.192184309
EID_20840,0.1857704
EID_20792,0.194008611
EID_2652,0.184820399
EID_3079,0.186486178
EID_1425,0.194901985
EID_17271,0.181927032
EID_22724,0.198046136
EID_23964,0.180958742
EID_9333,0.17937435
EID_12374,0.179879106
EID_25107,0.175784857
EID_22869,0.178058931
EID_18753,0.188169821
EID_16805,0.183145992
EID_19994,0.193519006
EID_3004,0.18896513
EID_12616,0.195321561
EID_6090,0.190638783
EID_3303,0.196786279
EID_9435,0.198927043
EID_1838,0.185743156
EID_15681,0.194537576
EID_17496,0.190731344
EID_8456,0.189146968
EID_23174,0.186557593
EID_8285,0.185145245
EID_6547,0.184509667
EID_23648,0.191441683
EID_7958,0.19094706
EID_19299,0.187789305
EID_8699,0.190566788
EID_14528,0.190884162
EID_23167,0.192889672
EID_25289,0.189037285
EID_12802,0.193610814
EID_15986,0.196408627
EID_3609,0.186684019
EID_2045,0.181513667
EID_1788,0.187344814
EID_22630,0.183841377
EID_10542,0.189494095
EID_13101,0.191687344
EID_5159,0.188779461
EID_18490,0.190081001
EID_25693,0.181562652
EID_20514,0.182600368
EID_3713,0.202852919
EID_11193,0.187828707
EID_6052,0.181927032
EID_6986,0.185277208
EID_9104,0.179733029
EID_23058,0.186507733
EID_3156,0.196076337
EID_17660,0.178714606
EID_17514,0.18501282
EID_15370,0.186594284
EID_12207,0.18795796
EID_7351,0.187014402
EID_24727,0.181085139
EID_6356,0.202431158
EID_15421,0.188370212
EID_11772,0.196387787
EID_14071,0.186759802
EID_16359,0.187865843
EID_16919,0.186137475
EID_21496,0.187740158
EID_10564,0.192001345
EID_3773,0.190812049
EID_9484,0.198864836
EID_13601,0.18696573
EID_13843,0.191818195
EID_8774,0.1857704
EID_7542,0.175816671
EID_3388,0.194196622
EID_17949,0.182174463
EID_1815,0.188296247
EID_10479,0.181184308
EID_10722,0.194041176
EID_3427,0.201923782
EID_18205,0.198369522
EID_21650,0.200319606
EID_23124,0.18497323
EID_4294,0.191771389
EID_13366,0.189824478
EID_13957,0.191006302
EID_3578,0.180759294
EID_24105,0.18531359
EID_13186,0.203138764
EID_24214,0.187140828
EID_17251,0.186100783
EID_23225,0.190315152
EID_2152,0.18501282
EID_10625,0.182296012
EID_2044,0.182996987
EID_7201,0.181398067
EID_2405,0.196857251
EID_22716,0.190864523
EID_22728,0.187638444
EID_21251,0.189004602
EID_6915,0.190527358
EID_14744,0.184262456
EID_15814,0.190033441
EID_6659,0.183630709
EID_10991,0.192039594
EID_6500,0.180078281
EID_19121,0.183933185
EID_6278,0.191807743
EID_13236,0.188745153
EID_5382,0.185423273
EID_6871,0.201957618
EID_5012,0.181782626
EID_1268,0.178826163
EID_6588,0.182503514
EID_22163,0.186783879
EID_11121,0.187409774
EID_22615,0.188783411
EID_7838,0.201819656
EID_3344,0.17976972
EID_25292,0.194829829
EID_10730,0.194675567
EID_10317,0.194268936
EID_13443,0.193136793
EID_10988,0.185946078
EID_23091,0.191809203
EID_1839,0.194196622
EID_13892,0.182695936
EID_1496,0.183200305
EID_15045,0.200333071
EID_3744,0.185777153
EID_13010,0.203970524
EID_9716,0.188169821
EID_2993,0.190400961
EID_23435,0.187169095
EID_8587,0.184928507
EID_22132,0.18178907
EID_21413,0.193839673
EID_11881,0.185720267
EID_19850,0.198413348
EID_18460,0.187801624
EID_17983,0.182477702
EID_14888,0.180839069
EID_14002,0.188680943
EID_13524,0.184813646
EID_4049,0.202553795
EID_6535,0.188070583
EID_10557,0.187140074
EID_1313,0.196038101
EID_12424,0.187839438
EID_8210,0.187007649
EID_22378,0.183477836
EID_19644,0.179334504
EID_8790,0.193839673
EID_5778,0.192101019
EID_23887,0.193207765
EID_16103,0.197693464
EID_20604,0.20054381
EID_17378,0.195696511
EID_5566,0.187810389
EID_24264,0.193443929
EID_7814,0.192200878
EID_1968,0.197397351
EID_10282,0.197764117
EID_13648,0.178960676
EID_22376,0.18355484
EID_3690,0.192496403
EID_17871,0.191488524
EID_19167,0.189174135
EID_5366,0.199861063
EID_16996,0.186684019
EID_1953,0.182702689
EID_8760,0.18178907
EID_20448,0.191874319
EID_15787,0.182870589
EID_18982,0.186932572
EID_4388,0.190081001
EID_22325,0.190813881
EID_10189,0.181894495
EID_21162,0.186611906
EID_1032,0.189196841
EID_12045,0.195751804
EID_18324,0.185796805
EID_15085,0.180738011
EID_21927,0.180528337
EID_13325,0.192634366
EID_17801,0.186814869
EID_7678,0.188021289
EID_17469,0.189110551
EID_14318,0.18237673
EID_16439,0.200388525
EID_2307,0.187236928
EID_20011,0.182840651
EID_19381,0.17304431
EID_14043,0.182632395
EID_14774,0.198287083
EID_22982,0.193968553
EID_19092,0.187839438
EID_13137,0.185396881
EID_5738,0.189983553
EID_19661,0.191244907
EID_22570,0.186482515
EID_16393,0.184607783
EID_4256,0.189000149
EID_17873,0.188296247
EID_13832,0.191313826
EID_17617,0.197563368
EID_3106,0.188808482
EID_6567,0.18497323
EID_4727,0.190472927
EID_14518,0.190088866
EID_1070,0.188175142
EID_19385,0.182328416
EID_20032,0.193755676
EID_11714,0.193988205
EID_23636,0.179896118
EID_1985,0.17793859
EID_5627,0.181035279
EID_15171,0.190119724
EID_8811,0.187481782
EID_2163,0.183967803
EID_8459,0.17867147
EID_18138,0.191764636
EID_17518,0.184694001
EID_17432,0.18733692
EID_25686,0.188518905
EID_2470,0.192113656
EID_16311,0.185029361
EID_6903,0.190776386
EID_11990,0.193679411
EID_23460,0.183454849
EID_25924,0.19377822
EID_13985,0.194289729
EID_5455,0.186731578
EID_13427,0.189675192
EID_24855,0.190820634
EID_15532,0.198596631
EID_8953,0.19391621
EID_22683,0.188709921
EID_22493,0.189907015
EID_1451,0.184263597
EID_20796,0.188047694
EID_17281,0.187794871
EID_7767,0.19938077
EID_20838,0.195207053
EID_17235,0.188290248
EID_21615,0.193760799
EID_6972,0.196485227
EID_13930,0.194788967
EID_4188,0.19094706
EID_11277,0.19933321
EID_18053,0.190033441
EID_11288,0.190559762
EID_1148,0.190632784
EID_19216,0.192475998
EID_7660,0.192425431
EID_22805,0.180810887
EID_11931,0.183159498
EID_16921,0.196632426
EID_4993,0.182689492
EID_18070,0.186419631
EID_15648,0.185374656
EID_11404,0.179474371
EID_14248,0.190454519
EID_15424,0.198476986
EID_8039,0.18330803
EID_7094,0.180739076
EID_13161,0.186052865
EID_9293,0.186100783
EID_4351,0.197729195
EID_17259,0.195528439
EID_2681,0.18908344
EID_22123,0.192201039
EID_8528,0.18096359
EID_11798,0.19215715
EID_20265,0.190040194
EID_21396,0.191264691
EID_12220,0.187789305
EID_25722,0.183133093
EID_21719,0.187786976
EID_3506,0.186607481
EID_2139,0.195754448
EID_6562,0.18686645
EID_4353,0.191764636
EID_24392,0.193457941
EID_11238,0.187181635
EID_20617,0.194444025
EID_21473,0.183702794
EID_16837,0.199063892
EID_1800,0.184896692
EID_25849,0.191733499
EID_9395,0.195478306
EID_2415,0.195533732
EID_9286,0.186485508
EID_5081,0.180189838
EID_22546,0.195289156
EID_11932,0.188871269
EID_16292,0.184544328
EID_17882,0.184066364
EID_20889,0.178384194
EID_10031,0.184383241
EID_21576,0.188378077
EID_8256,0.193950552
EID_2614,0.191488924
EID_2098,0.193046452
EID_10242,0.202733275
EID_21993,0.189632057
EID_22664,0.194620113
EID_1919,0.186052111
EID_11629,0.188095254
EID_6840,0.197089074
EID_25493,0.184863534
EID_14968,0.182840651
EID_25313,0.189044038
EID_8035,0.185148908
EID_8969,0.198331406
EID_15223,0.193389616
EID_6266,0.199714236
EID_8184,0.18585369
EID_19480,0.17937435
EID_19076,0.178264549
EID_16339,0.187014402
EID_7963,0.194134415
EID_17427,0.186316499
EID_12641,0.183952465
EID_4122,0.195544463
EID_23659,0.192749495
EID_13486,0.184219349
EID_18423,0.191277443
EID_2181,0.190363825
EID_25490,0.185169322
EID_9211,0.185896043
EID_5237,0.188793863
EID_2418,0.190653784
EID_17716,0.189146968
EID_13837,0.189868166
EID_2840,0.16974107
EID_13004,0.185320343
EID_14429,0.199819069
EID_18915,0.182302011
EID_22415,0.190215292
EID_4304,0.200064432
EID_10753,0.192351542
EID_22612,0.185768495
EID_1857,0.19590725
EID_3566,0.187216612
EID_8545,0.191894732
EID_21685,0.18416448
EID_9946,0.189451666
EID_20447,0.186079257
EID_3887,0.183587574
EID_8351,0.189201281
EID_23889,0.199383852
EID_8248,0.191463853
EID_16621,0.197645904
EID_25138,0.192826194
EID_10004,0.194626866
EID_5522,0.18497323
EID_23416,0.187753664
EID_14897,0.184066364
EID_10840,0.184938167
EID_21716,0.179346069
EID_18484,0.195250908
EID_7402,0.192559288
EID_24854,0.187392374
EID_1610,0.191307826
EID_17592,0.192376138
EID_22128,0.183933185
EID_17304,0.196612613
EID_1508,0.196414192
EID_20492,0.189401533
EID_2324,0.201900732
EID_17093,0.190731344
EID_23356,0.19049025
EID_17895,0.188815815
EID_8186,0.183602801
EID_19358,0.201444677
EID_6030,0.184437554
EID_17457,0.17871903
EID_14976,0.185552166
EID_8914,0.186750014
EID_5721,0.189806043
EID_11266,0.190412525
EID_17012,0.182046705
EID_7554,0.191151046
EID_3087,0.186720682
EID_19716,0.183858108
EID_21723,0.19457144
EID_13072,0.197146714
EID_9776,0.192926808
EID_25927,0.196682285
EID_5593,0.191391117
EID_13954,0.194626866
EID_16034,0.191919328
EID_1719,0.187057537
EID_23054,0.191247704
EID_15591,0.188744843
EID_5178,0.190363825
EID_24346,0.185193918
EID_21264,0.18697937
EID_3292,0.187283348
EID_14975,0.185763956
EID_9165,0.195330797
EID_23369,0.195196595
EID_18767,0.191188154
EID_10153,0.186072504
EID_2542,0.191342846
EID_23826,0.18590125
EID_20391,0.196739039
EID_8633,0.183784208
EID_5875,0.190363825
EID_12699,0.176264852
EID_12982,0.182542082
EID_16392,0.177477328
EID_8185,0.190227791
EID_15462,0.183939938
EID_4853,0.19527432
EID_17622,0.19915668
EID_23074,0.184790757
EID_6390,0.192551829
EID_24539,0.19535188
EID_12963,0.187190122
EID_8649,0.186200643
EID_11810,0.19975205
EID_3598,0.200194019
EID_13511,0.194289729
EID_16014,0.183863673
EID_24791,0.185650727
EID_3417,0.18097706
EID_24668,0.190506386
EID_4508,0.189020555
EID_25150,0.197118123
EID_25934,0.183956668
EID_6308,0.182917189
EID_10508,0.1826528
EID_18724,0.17995043
EID_10536,0.189560642
EID_18738,0.181289125
EID_15949,0.189026554
EID_20722,0.178321435
EID_14963,0.191250285
EID_6682,0.18635904
EID_8365,0.18995015
EID_17999,0.19127069
EID_24499,0.17780774
EID_20389,0.197189095
EID_12123,0.19137055
EID_19203,0.1857704
EID_3538,0.192903821
EID_19811,0.199796773
EID_11473,0.187007649
EID_3032,0.198952826
EID_8419,0.190407714
EID_9052,0.183988194
EID_15837,0.194350795
EID_6644,0.187607586
EID_16894,0.19072002
EID_10552,0.186706154
EID_14750,0.183189408
EID_16659,0.183413617
EID_4472,0.190384218
EID_4076,0.186100783
EID_5163,0.186089219
EID_25923,0.184341322
EID_24806,0.18521503
EID_3742,0.186157537
EID_19722,0.176601988
EID_18033,0.188907588
EID_16718,0.198222358
EID_13182,0.188696912
EID_23021,0.193747244
EID_20329,0.193283003
EID_8770,0.186600728
EID_11234,0.182046705
EID_18881,0.1945019
EID_1365,0.198151386
EID_19318,0.18924622
EID_19343,0.193556501
EID_4435,0.183939938
EID_22102,0.185896797
EID_24095,0.184846791
EID_9897,0.198883154
EID_21635,0.192250333
EID_16514,0.191284848
EID_1997,0.195093652
EID_10324,0.198042312
EID_6487,0.19719352
EID_21197,0.193994958
EID_19082,0.186846798
EID_17562,0.180590071
EID_8738,0.180491955
EID_13687,0.192771362
EID_19572,0.180689783
EID_24909,0.185277208
EID_21814,0.186677266
EID_12083,0.192585693
EID_25919,0.186757474
EID_19140,0.17994084
EID_23924,0.183483129
EID_1208,0.19049025
EID_18170,0.190306939
EID_18699,0.185423286
EID_1318,0.186557593
EID_14941,0.188675331
EID_6540,0.189126575
EID_20936,0.18960379
EID_9705,0.201500809
EID_24181,0.193269944
EID_22138,0.192963636
EID_23044,0.200366544
EID_9038,0.194289729
EID_3247,0.195851825
EID_19630,0.186170324
EID_8655,0.197573191
EID_10423,0.185352992
EID_3946,0.183657782
EID_16512,0.190688237
EID_12473,0.189746164
EID_11571,0.184966477
EID_14381,0.181387241
EID_12675,0.197652657
EID_1930,0.189907769
EID_20155,0.196619366
EID_22902,0.188244927
EID_24145,0.185523278
EID_5342,0.194408696
EID_8334,0.202930508
EID_25708,0.192475998
EID_19991,0.18899415
EID_5499,0.196339115
EID_5953,0.190868194
EID_7444,0.190133301
EID_6218,0.183790652
EID_12891,0.178486763
EID_16456,0.189934161
EID_20256,0.184039959
EID_9959,0.189533496
EID_8845,0.186459032
EID_1662,0.180893769
EID_8739,0.196303819
EID_20695,0.200256841
EID_19446,0.183609554
EID_12441,0.191599961
EID_13066,0.192706521
EID_8911,0.19085777
EID_22200,0.179659751
EID_9689,0.190137725
EID_1668,0.1906846
EID_8120,0.189250672
EID_22777,0.189824478
EID_19141,0.183159498
EID_22674,0.177158509
EID_16121,0.197770002
EID_14662,0.193228171
EID_23290,0.189000149
EID_20144,0.18256951
EID_23052,0.184889185
EID_25575,0.180316264
EID_23724,0.189329412
EID_14759,0.18632107
EID_25209,0.191890279
EID_17753,0.190400961
EID_4693,0.184483572
EID_17284,0.186100783
EID_9131,0.193164037
EID_24625,0.205800986
EID_24912,0.180133262
EID_19612,0.190060587
EID_9147,0.19900958
EID_6891,0.192459267
EID_10639,0.185650727
EID_5880,0.18835056
EID_22547,0.194487443
EID_10066,0.180563357
EID_7126,0.193712134
EID_4929,0.184913667
EID_24750,0.180528337
